{"schemaVersion":"1.0","appDefinitionTemplate":{"id":"/providers/Microsoft.PowerApps/apps/","type":"Microsoft.PowerApps/apps","tags":{"primaryDeviceWidth":"1366","primaryDeviceHeight":"768","supportsPortrait":"true","supportsLandscape":"true","primaryFormFactor":"Tablet","showStatusBar":"false","publisherVersion":"3.24121.10","minimumRequiredApiVersion":"2.2.0","hasComponent":"false","hasUnlockedComponent":"false","isUnifiedRootApp":"false","sienaVersion":"20241216T082433Z-3.24121.10.0"},"properties":{"appVersion":"2024-12-16T08:24:33Z","lifeCycleId":"Published","createdByClientVersion":{"major":3,"minor":24121,"build":10,"revision":0,"majorRevision":0,"minorRevision":0},"minClientVersion":{"major":3,"minor":24121,"build":10,"revision":0,"majorRevision":0,"minorRevision":0},"backgroundColor":"RGBA(0,176,240,1)","backgroundImageUri":"/13185621893680699541/N29d53fe7-236c-4ad6-9393-ad5fa4543bc6-logoSmallFile","displayName":"ProjektZaliczeniowy","description":"","commitMessage":"","appUris":{"documentUri":{"value":"/13185621893680699541/N1408ec61-09af-4e84-b9de-df9c6f544afe-document.msapp"},"imageUris":[],"additionalUris":[{"isSolutionAware":false,"value":"/13185621893680699541/N067d3fcf-e13b-4660-8802-fee8767cd16f-identity.json"}]},"createdTime":"0001-01-01T00:00:00Z","lastModifiedTime":"0001-01-01T00:00:00Z","sharedGroupsCount":0,"sharedUsersCount":0,"connectionReferences":{"505cd184-7871-49c7-8e74-003aa6ceacc7":{"id":"d4dbf081-71f9-4588-b0f6-b15854ddb4de","displayName":"SharePoint","iconUri":"https://connectoricons-prod.azureedge.net/releases/v1.0.1723/1.0.1723.3986/sharepointonline/icon.png","dataSources":["Koszty","Przychody","Wynagrodzenia","ZobowiązaniaPublicznoPrawne","AktywaAmortyzowane"],"dependencies":[],"dependents":[],"parameterHints":{},"parameterHintsV2":{},"isOnPremiseConnection":false,"bypassConsent":false,"dataSets":{"https://aghedupl-my.sharepoint.com/personal/japaczek_student_agh_edu_pl/_layouts/15/lists.aspx":{"dataSources":{"Koszty":{"tableName":"6536a085-286c-4cd5-b8ac-69011e2ddf14"},"Przychody":{"tableName":"b12dea2a-1da7-4c46-b551-dbcb9b6dff66"},"Wynagrodzenia":{"tableName":"3bcd52df-4d49-4864-a1a6-75fe92dbfe4d"},"ZobowiązaniaPublicznoPrawne":{"tableName":"a1b70a63-c1e2-46fc-8459-73febd3513c2"},"AktywaAmortyzowane":{"tableName":"b151f549-b90c-4cb0-8c77-232d77523d7e"}}}},"apiTier":"Standard","isCustomApiConnection":false,"actions":["providers/PowerPlatform.Governance/Operations/Read","providers/PowerPlatform.Governance/Operations/Write"]}},"databaseReferences":{},"almMode":"Environment","performanceOptimizationEnabled":true,"canConsumeAppPass":true,"enableModernRuntimeMode":false,"executionRestrictions":{"isTeamsOnly":false,"dataLossPreventionEvaluationResult":{"status":"Compliant","lastEvaluationDate":"2024-04-05T09:12:14.9769274Z","violations":[],"violationsByPolicy":[],"violationErrorMessage":"Aplikacja używa następujących łączników: shared_sharepointonline."}}},"appType":"ClassicCanvasApp","appComponents":[]}}